[
    { "model": "characters.heritage", "pk": 1, "fields": { "name": "Human",       "base_hp": 0, "description": "Standard baseline. No required detriments or benefits." } },
    { "model": "characters.heritage", "pk": 2, "fields": { "name": "Rock Human",  "base_hp": 3, "description": "Resilient stone-like bodies with stealth via terrain merging." } },
    { "model": "characters.heritage", "pk": 3, "fields": { "name": "Vampire",     "base_hp": 3, "description": "Stronger than humans but with major weaknesses." } },
    { "model": "characters.heritage", "pk": 4, "fields": { "name": "Pillar Man",  "base_hp": 3, "description": "You descend from an ancient lineage of near-perfect beings. Evolution is in your bones." } },
    { "model": "characters.heritage", "pk": 5, "fields": { "name": "Gray Matter", "base_hp": 3, "description": "Extraterrestrial origins grant unique morphing and sensory abilities." } },
    { "model": "characters.heritage", "pk": 6, "fields": { "name": "Haunting",     "base_hp": 4, "description": "Half-dead entities with ethereal powers and haunted vulnerabilities." } },
    { "model": "characters.heritage", "pk": 7, "fields": { "name": "Cyborg",      "base_hp": 3, "description": "Augmented with mechanical parts; powerful but fragile around tech." } },
    { "model": "characters.heritage", "pk": 8, "fields": { "name": "Oracle",      "base_hp": 4, "description": "Supernatural mediums burdened by uncontrollable visions and fate." } },
    
    { "model": "characters.detriment", "pk": 1,  "fields": { "heritage": 1, "name": "Physically Inferior",          "hp_value": 1, "required": false, "description": "-1d when resisting physical harm." } },
    { "model": "characters.detriment", "pk": 2,  "fields": { "heritage": 1, "name": "Bizarre Blindspot",            "hp_value": 1, "required": false, "description": "-1d when resisting Stand, Hamon, or supernatural effects." } },
    { "model": "characters.detriment", "pk": 3,  "fields": { "heritage": 1, "name": "Slower Recovery",               "hp_value": 1, "required": false, "description": "Healing clock permanently reduced by 1 segment." } },
    { "model": "characters.detriment", "pk": 4,  "fields": { "heritage": 1, "name": "Slower Movement",               "hp_value": 1, "required": false, "description": "Base movement speed reduced from 30ft to 20ft." } },
    
    { "model": "characters.benefit",   "pk": 1,  "fields": { "heritage": 1, "name": "Skilled From Birth",           "hp_cost": 1, "required": false, "description": "Can start with 3 dots in a single skill instead of the usual cap of 2." } },
    { "model": "characters.benefit",   "pk": 2,  "fields": { "heritage": 1, "name": "Sheer Grit",                    "hp_cost": 2, "required": false, "description": "Once per session, reroll any failed roll." } },
    { "model": "characters.benefit",   "pk": 3,  "fields": { "heritage": 1, "name": "Tactical Awareness",            "hp_cost": 1, "required": false, "description": "+1d to all reaction-based rolls in combat." } },
    { "model": "characters.benefit",   "pk": 4,  "fields": { "heritage": 1, "name": "Resourceful",                   "hp_cost": 2, "required": false, "description": "Gain +1 downtime action for training, healing, or crafting." } },
    
    { "model": "characters.detriment", "pk": 5,  "fields": { "heritage": 2, "name": "Sinks Like a Rock",            "hp_value": 1, "required": true,  "description": "Cannot swim or float." } },
    { "model": "characters.detriment", "pk": 6,  "fields": { "heritage": 2, "name": "Slow Regeneration",             "hp_value": 1, "required": true,  "description": "Healing clock gains +1 segment." } },
    { "model": "characters.detriment", "pk": 7,  "fields": { "heritage": 2, "name": "Hunted by Rock Humans",         "hp_value": 1, "required": false, "description": "Other Rock Humans sense your location within 100ft." } },
    { "model": "characters.detriment", "pk": 8,  "fields": { "heritage": 2, "name": "Slow Reflexes",                 "hp_value": 1, "required": false, "description": "-1d when resisting physical attacks." } },
    { "model": "characters.detriment", "pk": 9,  "fields": { "heritage": 2, "name": "Vulnerable to Vibrations",      "hp_value": 1, "required": false, "description": "Sound-based attacks deal +1 Harm." } },
    { "model": "characters.detriment", "pk": 10, "fields": { "heritage": 2, "name": "Cold-Brittle",                 "hp_value": 1, "required": false, "description": "Freezing temperatures halve your speed." } },
    { "model": "characters.benefit",   "pk": 5,  "fields": { "heritage": 2, "name": "Sediment Body",                 "hp_cost": 1, "required": true,  "description": "Can reshape into stone or pebbles for stealth." } },
    { "model": "characters.benefit",   "pk": 6,  "fields": { "heritage": 2, "name": "Hardened Physique",            "hp_cost": 2, "required": false, "description": "Gain 1 extra Stand Armor charge per scene." } },
    { "model": "characters.benefit",   "pk": 7,  "fields": { "heritage": 2, "name": "Rock Punches",                 "hp_cost": 1, "required": false, "description": "Unarmed attacks now deal Level 2 Harm." } },
    { "model": "characters.benefit",   "pk": 8,  "fields": { "heritage": 2, "name": "Camouflage",                   "hp_cost": 1, "required": false, "description": "If stationary, can merge with stone." } },
    { "model": "characters.benefit",   "pk": 9,  "fields": { "heritage": 2, "name": "Mudshot",                      "hp_cost": 2, "required": false, "description": "Fire hardened mud to immobilize targets for 1 turn." } },
    { "model": "characters.benefit",   "pk": 10, "fields": { "heritage": 2, "name": "Tolerance",                    "hp_cost": 2, "required": false, "description": "Reduced detriment effects by half." } },
    
    { "model": "characters.detriment", "pk": 11, "fields": { "heritage": 3, "name": "Sunlight Weakness",            "hp_value": 2, "required": true,  "description": "Takes Level 4 Harm per minute in direct sunlight." } },
    { "model": "characters.detriment", "pk": 12, "fields": { "heritage": 3, "name": "Hamon Vulnerability",           "hp_value": 1, "required": true,  "description": "Hamon techniques deal +1 Harm and bypass armor." } },
    { "model": "characters.detriment", "pk": 13, "fields": { "heritage": 3, "name": "Bloodthirst",                  "hp_value": 0, "required": true,  "description": "Must feed on blood or suffer penalties." } },
    { "model": "characters.detriment", "pk": 14, "fields": { "heritage": 3, "name": "Must Be Invited Inside",       "hp_value": 1, "required": false, "description": "Cannot enter homes without invitation." } },
    { "model": "characters.detriment", "pk": 15, "fields": { "heritage": 3, "name": "Hunger Without Feeding",       "hp_value": 1, "required": false, "description": "Max stress decreases by 1 per day without feeding." } },
    { "model": "characters.detriment", "pk": 16, "fields": { "heritage": 3, "name": "Holy Symbol Weakness",         "hp_value": 1, "required": false, "description": "Cross deals Level 2 Harm and stuns." } },
    { "model": "characters.detriment", "pk": 17, "fields": { "heritage": 3, "name": "Silver Allergy",               "hp_value": 1, "required": false, "description": "Silver weapons ignore armor." } },
    { "model": "characters.benefit",   "pk": 11, "fields": { "heritage": 3, "name": "Blood Puppeteer",             "hp_cost": 3, "required": false, "description": "Command a victim for 1 round after feeding." } },
    { "model": "characters.benefit",   "pk": 12, "fields": { "heritage": 3, "name": "Mist Form",                    "hp_cost": 2, "required": false, "description": "Turn into mist for 3 turns but cannot attack." } },
    { "model": "characters.benefit",   "pk": 13, "fields": { "heritage": 3, "name": "Regeneration",                 "hp_cost": 2, "required": false, "description": "Spend 1 stress to heal 1 segment of harm." } },
    { "model": "characters.benefit",   "pk": 14, "fields": { "heritage": 3, "name": "Bat Form",                     "hp_cost": 3, "required": false, "description": "Fly using 1 stress per turn." } },
    { "model": "characters.benefit",   "pk": 15, "fields": { "heritage": 3, "name": "Staying Power",                "hp_cost": 3, "required": false, "description": "Avoid KO by sacrificing a limb; limbs can survive separately." } },
    
    { "model": "characters.detriment", "pk": 18, "fields": { "heritage": 4, "name": "Sunlight Turns to Stone",      "hp_value": 2, "required": true,  "description": "Petrified indefinitely in direct sunlight." } },
    { "model": "characters.detriment", "pk": 19, "fields": { "heritage": 4, "name": "Hamon Weakness",               "hp_value": 1, "required": true,  "description": "Hamon techniques deal +1 Harm and bypass armor." } },
    { "model": "characters.detriment", "pk": 20, "fields": { "heritage": 4, "name": "Cold Weakness",                "hp_value": 1, "required": false, "description": "Freezing temps slow movement & reaction time." } },
    { "model": "characters.detriment", "pk": 21, "fields": { "heritage": 4, "name": "Weak to Blood Loss",           "hp_value": 1, "required": false, "description": "Cannot regenerate if below half health." } },
    { "model": "characters.detriment", "pk": 22, "fields": { "heritage": 4, "name": "Requires Adaptation",          "hp_value": 1, "required": false, "description": "Must spend 1 downtime action per session training." } },
    { "model": "characters.detriment", "pk": 23, "fields": { "heritage": 4, "name": "Hunted by Zeppeli",            "hp_value": 1, "required": false, "description": "Hamon users worldwide seek to exterminate you." } },
    { "model": "characters.benefit",   "pk": 16, "fields": { "heritage": 4, "name": "Hyper-Intelligence",           "hp_cost": 1, "required": true,  "description": "+2d on Insight-based actions once per scene." } },
    { "model": "characters.benefit",   "pk": 17, "fields": { "heritage": 4, "name": "Superior Physiology",          "hp_cost": 1, "required": true,  "description": "+1d to resisting physical harm." } },
    { "model": "characters.benefit",   "pk": 18, "fields": { "heritage": 4, "name": "Chainsaw Arm",                 "hp_cost": 2, "required": false, "description": "Retractable bone chainsaw deals Level 2 Harm." } },
    { "model": "characters.benefit",   "pk": 19, "fields": { "heritage": 4, "name": "Weighted Feathers",            "hp_cost": 1, "required": false, "description": "Long-range attack dealing Level 2 Harm at 60ft." } },
    { "model": "characters.benefit",   "pk": 20, "fields": { "heritage": 4, "name": "Life Absorption",              "hp_cost": 2, "required": false, "description": "Drain enemies to regain health." } },
    { "model": "characters.benefit",   "pk": 21, "fields": { "heritage": 4, "name": "Body Modification",            "hp_cost": 2, "required": false, "description": "Reshape body mid-combat to escape grapples or extend limbs." } },
    
    { "model": "characters.detriment", "pk": 24, "fields": { "heritage": 5, "name": "Weak to Electricity",          "hp_value": 1, "required": true,  "description": "Electrical attacks deal +1 Harm & disable transformations." } },
    { "model": "characters.detriment", "pk": 25, "fields": { "heritage": 5, "name": "Alien Understanding",          "hp_value": 1, "required": true,  "description": "-1d on social interactions unless disguised as human." } },
    { "model": "characters.detriment", "pk": 26, "fields": { "heritage": 5, "name": "Sensitive to Soundwaves",     "hp_value": 1, "required": true,  "description": "Loud noises cause pain and disorientation." } },
    { "model": "characters.detriment", "pk": 27, "fields": { "heritage": 5, "name": "Cannot Speak English",         "hp_value": 1, "required": false, "description": "Must communicate via symbols or mimicry." } },
    { "model": "characters.detriment", "pk": 28, "fields": { "heritage": 5, "name": "Cannot Heal Normally",         "hp_value": 1, "required": false, "description": "Requires specific alien tech to recover." } },
    { "model": "characters.detriment", "pk": 29, "fields": { "heritage": 5, "name": "Heat Sensitivity",             "hp_value": 1, "required": false, "description": "High temperatures disrupt shape-shifting." } },
    { "model": "characters.benefit",   "pk": 22, "fields": { "heritage": 5, "name": "Shapechange",                  "hp_cost": 1, "required": true,  "description": "Morph into organic or inanimate forms." } },
    { "model": "characters.benefit",   "pk": 23, "fields": { "heritage": 5, "name": "Enhanced Senses",              "hp_cost": 1, "required": true,  "description": "Detect movement in 360° around you." } },
    { "model": "characters.benefit",   "pk": 24, "fields": { "heritage": 5, "name": "Perfect Mimicry",              "hp_cost": 2, "required": false, "description": "Copy voice and appearance." } },
    { "model": "characters.benefit",   "pk": 25, "fields": { "heritage": 5, "name": "Blindsight",                   "hp_cost": 1, "required": false, "description": "Sense movement in total darkness." } },
    { "model": "characters.benefit",   "pk": 26, "fields": { "heritage": 5, "name": "Reflex Overclock",             "hp_cost": 1, "required": false, "description": "+1d to dodging attacks." } },
    { "model": "characters.benefit",   "pk": 27, "fields": { "heritage": 5, "name": "No Vital Signs",               "hp_cost": 2, "required": false, "description": "Immune to poison, disease, scanners." } },
    
    { "model": "characters.detriment", "pk": 30, "fields": { "heritage": 6, "name": "Hamon Disrupts Form",          "hp_value": 1, "required": true,  "description": "Hamon deals +1 Harm and disables phasing." } },
    { "model": "characters.detriment", "pk": 31, "fields": { "heritage": 6, "name": "Unstable Physiology",          "hp_value": 2, "required": true,  "description": "At 0 stress, on d6 1-3 gain an extra trauma." } },
    { "model": "characters.detriment", "pk": 32, "fields": { "heritage": 6, "name": "Cannot Heal Normally",         "hp_value": 1, "required": false, "description": "Requires spiritual rituals to recover." } },
    { "model": "characters.detriment", "pk": 33, "fields": { "heritage": 6, "name": "Disrupts Electronics",         "hp_value": 1, "required": false, "description": "Presence causes tech failures." } },
    { "model": "characters.detriment", "pk": 34, "fields": { "heritage": 6, "name": "Cold Weakness",                "hp_value": 1, "required": false, "description": "Low temperatures slow movement." } },
    { "model": "characters.detriment", "pk": 35, "fields": { "heritage": 6, "name": "Unfinished Business",          "hp_value": 1, "required": false, "description": "Compelled to act against your will." } },
    { "model": "characters.benefit",   "pk": 28, "fields": { "heritage": 6, "name": "Ghostly Aura",                 "hp_cost": 1, "required": true,  "description": "Harder to detect in dim light or darkness." } },
    { "model": "characters.benefit",   "pk": 29, "fields": { "heritage": 6, "name": "Ethereal Nature",              "hp_cost": 1, "required": true,  "description": "+1d when resisting mental attacks." } },
    { "model": "characters.benefit",   "pk": 30, "fields": { "heritage": 6, "name": "Phase Through Objects",       "hp_cost": 2, "required": false, "description": "Pass through solid barriers for 1 turn." } },
    { "model": "characters.benefit",   "pk": 31, "fields": { "heritage": 6, "name": "Poltergeist",                  "hp_cost": 1, "required": false, "description": "Move small objects telekinetically." } },
    { "model": "characters.benefit",   "pk": 32, "fields": { "heritage": 6, "name": "Fear Aura",                   "hp_cost": 2, "required": false, "description": "Enemies within 5ft must roll Resolve or hesitate." } },
    { "model": "characters.benefit",   "pk": 33, "fields": { "heritage": 6, "name": "Resurrection",                "hp_cost": 3, "required": false, "description": "Once per campaign, return as a more powerful entity upon death." } },
    
    { "model": "characters.detriment", "pk": 36, "fields": { "heritage": 7, "name": "EMP Vulnerability",            "hp_value": 1, "required": true,  "description": "Electric attacks deal +1 Harm and disable cybernetics for 1 turn." } },
    { "model": "characters.detriment", "pk": 37, "fields": { "heritage": 7, "name": "Limited Repairs",              "hp_value": 2, "required": true,  "description": "Healing requires a technician or mechanical parts." } },
    { "model": "characters.detriment", "pk": 38, "fields": { "heritage": 7, "name": "Heavy Frame",                  "hp_value": 1, "required": false, "description": "Movement speed reduced by 10ft." } },
    { "model": "characters.detriment", "pk": 39, "fields": { "heritage": 7, "name": "Maintenance Required",         "hp_value": 1, "required": false, "description": "Missing repairs causes -1d to physical actions." } },
    { "model": "characters.detriment", "pk": 40, "fields": { "heritage": 7, "name": "Loss of Touch",                "hp_value": 1, "required": false, "description": "No sense of pain or temperature." } },
    { "model": "characters.detriment", "pk": 41, "fields": { "heritage": 7, "name": "Cybernetic Overload",          "hp_value": 1, "required": false, "description": "Overuse in one scene causes Level 2 Harm (System Overheat)." } },
    { "model": "characters.benefit",   "pk": 34, "fields": { "heritage": 7, "name": "Hidden Arsenal",              "hp_cost": 2, "required": false, "description": "Built-in weapon deals Level 2 Harm." } },
    { "model": "characters.benefit",   "pk": 35, "fields": { "heritage": 7, "name": "Enhanced Reflexes",           "hp_cost": 2, "required": false, "description": "Once per scene, instantly dodge an attack." } },
    { "model": "characters.benefit",   "pk": 36, "fields": { "heritage": 7, "name": "Optic Targeting",             "hp_cost": 1, "required": false, "description": "+1d to all ranged attacks." } },
    { "model": "characters.benefit",   "pk": 37, "fields": { "heritage": 7, "name": "Integrated Tools",            "hp_cost": 1, "required": false, "description": "Built-in tools give +1d to Tinker actions." } },
    
    { "model": "characters.detriment", "pk": 54, "fields": { "heritage": 8, "name": "Visions Uncontrollable",      "hp_value": 1, "required": true,  "description": "Receive prophecy flashes forcing a Resolve roll." } },
    { "model": "characters.detriment", "pk": 55, "fields": { "heritage": 8, "name": "Cursed Fate",                 "hp_value": 2, "required": true,  "description": "Trauma may force a new long-term consequence." } },
    { "model": "characters.benefit",   "pk": 50, "fields": { "heritage": 8, "name": "Precognitive Instinct",        "hp_cost": 1, "required": true,  "description": "Once per scene ask GM a yes/no future question." } },
    { "model": "characters.benefit",   "pk": 51, "fields": { "heritage": 8, "name": "Spiritual Awareness",          "hp_cost": 1, "required": true,  "description": "+1d when detecting supernatural forces." } },
    { "model": "characters.benefit",   "pk": 52, "fields": { "heritage": 8, "name": "Danger Sense",                "hp_cost": 2, "required": false, "description": "Always act first in combat." } },
    { "model": "characters.benefit",   "pk": 53, "fields": { "heritage": 8, "name": "Divination",                   "hp_cost": 2, "required": false, "description": "Read an object's past by touch (GM discretion)." } },
    { "model": "characters.benefit",   "pk": 54, "fields": { "heritage": 8, "name": "Supernatural Resistance",     "hp_cost": 2, "required": false, "description": "Once per scene ignore a supernatural consequence." } },
    { "model": "characters.benefit",   "pk": 55, "fields": { "heritage": 8, "name": "Manifest Destiny",            "hp_cost": 3, "required": false, "description": "Once per session reroll on any fate-related check." } }
]
